ID,Job Number,Card No.,Workshop,Task Name,Client,CTR Hours,CTR,Resoureses,Start,Deadline
17294,JNW110068,57,FAB,Repair extraction ducts,Sparrows,54 hrs,,0,Thu 06/09/18,Fri 01/12/23
17307,JN007294,1,PAINT,   [3/3] PAINT :: Removal and Inspection of Boom Pennant Thimbles for Reuse,Fairfield,0 hrs,,0,Fri 01/11/18,Mon 16/04/18
18502,JE060045,2,PAINT,   [2/5] PAINT :: Paint / Reassembly of Balmoral Headache Ball. - Blast & Prime,Premier Oil,4 hrs,,0,Thu 08/04/21,Fri 28/09/18
18506,JE060045,2,PAINT,   [5/5] PAINT :: Paint / Reassembly of Balmoral Headache Ball. - Paint,Premier Oil,4 hrs,,0,Wed 14/04/21,Fri 28/09/18
18523,JU028733,1,PAINT,   [4/5] PAINT :: Strip and Inspect 30te Headache Ball - Prime,Teekay Petrojarl,6 hrs,,0,Thu 08/04/21,Sun 09/12/18
18538,JP009993,1,PAINT,   [4/4] PAINT :: Hook Block Strip Down and Inspection,Chevron,7 hrs,,0,Thu 08/04/21,Fri 18/01/19
18576,JP009994,2,PAINT,   [1/2] PAINT :: Paint Transport Frame & Fabricate 12T SWL Decals,Chevron,12 hrs,,0,Thu 18/04/19,Tue 16/04/19
18584,JU028071,4,PAINT,   [3/3] PAINT :: Cross Head & Hook Nut - Prime,,0 hrs,,0,Mon 12/04/21,Wed 18/07/18
18586,JU028071,4,PAINT,   [1/3] PAINT :: Cross Head & Hook Nut - Blast,,0 hrs,,0,Fri 09/04/21,Wed 18/07/18
18662,JNR110104,1,NDT,   [4/8] NDT :: Refurb of Sparrows Test Weights,Sparrows Rentals,4 hrs,,0,Tue 28/04/20,Thu 31/10/19
18669,JNR110104,1,PAINT,   [6/8] PAINT :: Refurb of Sparrows Test Weights,Sparrows Rentals,10 hrs,,0,Mon 23/08/21,Thu 31/10/19
18673,JNR110104,1,NDT,   [7/8] NDT :: Refurb of Sparrows Test Weights,Sparrows Rentals,2 hrs,,0,Tue 24/08/21,Thu 31/10/19
18677,JNR110104,1,PAINT,   [8/8] PAINT :: Refurb of Sparrows Test Weights,Sparrows Rentals,10 hrs,,0,Wed 25/08/21,Thu 31/10/19
18717,JSE00097,5,PAINT,   [2/3] PAINT :: Fabrication of Exhaust Hood Lifting Brackets,Serica,30 hrs,,0,Thu 08/04/21,Fri 22/11/19
18889,JNA110103,70,PAINT,Paint & Decal Headache Ball 15t,Chrysaor,12 hrs,,0,Mon 20/04/20,Tue 21/04/20
19356,JS172000,1,NDT,   [2/2] NDT :: Painting and Inspection of Headache Ball,Shell,2 hrs,,0,Thu 08/04/21,Fri 23/10/20
19361,JB017252,12,NDT,   [2/2] NDT :: Blast and then NDT Inspection of Sheaves,BP,5 hrs,,0,Thu 08/04/21,Fri 30/10/20
19421,JB017464,2,NDT,Insepction of Clair North Crane Headache Ball,BP,8 hrs,,0,Mon 07/12/20,Mon 07/12/20
19772,JB017412,3,PAINT,Span Beams Painting - MULTI CARD [0/2],BP,18 hrs,,0,Wed 12/05/21,Fri 14/05/21
20781,JL181279,1,PAINT,   [4/4] PAINT :: Strip and Inspect Hook Ball SMWKS00052,Enquest,13 hrs,,0,Thu 09/09/21,Fri 10/09/21
21650,JQ701114,3,PAINT,Top Coat Hook Block Stand,Taqa,12 hrs,,0,Thu 21/10/21,Fri 22/10/21
23375,JSE00176,11,PAINT,   [2/4] PAINT :: Strip and Inspect Hook Block SMWKS00067,Serica,0 hrs,,0,,Fri 17/12/21
23377,JSE00176,11,PAINT,   [4/4] PAINT :: Strip and Inspect Hook Block SMWKS00067,Serica,15 hrs,,0,,Fri 17/12/21
24472,JL180993,11188-1,P&M,   [1/2] P&M :: TEST REXROTH A6VM200 MOTOR SFP11188,SPARROWS / ENQUEST,16 hrs,,0,Wed 09/02/22,Thu 10/02/22
25737,JB017093,2,HYD,Boom Winch FAT,BP,44 hrs,,0,Thu 24/03/22,Thu 31/03/22
27058,JS012553,11,NDT,   [2/6] NDT :: JS012553 - Gannet West Boom Install - Transport Stools,Shell,24 hrs,,0,Mon 11/04/22,Tue 26/04/22
27065,JS012553,11,PAINT,   [5/6] PAINT :: JS012553 - Gannet West Boom Install - Transport Stools,Shell,32 hrs,,0,Mon 11/04/22,Tue 26/04/22
27104,JS012553,10,NDT,   [3/7] NDT :: JS012553 - Gannet West Boom Install - RMD Mattress Fabrication,Shell,15 hrs,,0,Thu 24/03/22,Mon 11/04/22
27113,JS012553,10,PAINT,   [7/7] PAINT :: JS012553 - Gannet West Boom Install - RMD Mattress Fabrication,Shell,20 hrs,,0,Thu 24/03/22,Mon 11/04/22
27223,JY401203,2,PAINT,PAINTING OF SHEAVES,REPSOL SINOPEC,12 hrs,,0,Fri 04/03/22,Mon 07/03/22
27767,JB016630,10942-2,P&M,REBUILD AND TEST REXROTH A6VM200 MOTOR SFP10942,SPARROWS / BP,18 hrs,,0,Thu 07/04/22,Fri 08/04/22
28033,JY300040,8,PAINT,   [2/4] PAINT :: INSPECTION REFURB OF SLACK ROPE INDICATOR - PIP066,REPSOL SINOPEC,0 hrs,,0,,Fri 18/03/22
28037,JY300040,8,PAINT,   [4/4] PAINT :: INSPECTION REFURB OF SLACK ROPE INDICATOR - PIP066,REPSOL SINOPEC,0 hrs,,0,,Fri 18/03/22
28730,JB016630,11182-2,P&M,Rebuild and Test Rexroth A6VM200 motor - SFP11182,BP,28 hrs,,1,Fri 15/04/22,Wed 20/04/22
30422,JE080168,4,PAINT,   [3/3] PAINT :: Welding of the 'C' Generator C O Rail,INEOS,4 hrs,,0,Fri 22/04/22,Fri 22/04/22
30459,JSC012306,5,PAINT,   [3/3] PAINT :: Replace Damaged Lifting Eye on Runway Beam,Shell,1 hr,,0,Wed 27/04/22,Thu 28/04/22
31472,JY401266,2,PAINT,   [4/4] PAINT :: Stripdown and Inspection of Winches,Repsol,0 hrs,,0,Tue 03/05/22,Sun 15/05/22
32054,JMS00146,3,PAINT,   [2/2] PAINT :: Fabrication of 1-off bracket,Spirit Energy,3 hrs,,0,Fri 13/05/22,Fri 13/05/22
32268,JQ700932,15,HYD,Charging manifold & Unloading valve pre-assembly piping,TAQA,7 hrs,,0,Wed 25/05/22,Wed 25/05/22
33143,JBCLP21058 ,12,PAINT,   [2/2] PAINT :: Davit Tower Test Bed Beams Removal & Prime,BP,10 hrs,,0,Thu 09/06/22,Fri 10/06/22
33293,JQ700932,24,MECH,Trial Build of Support Frame,TAQA,32 hrs,,0,Mon 13/06/22,Wed 15/06/22
33911,JY012422,2,PAINT,   [2/2] PAINT :: Rebuild and Paint 7.8te Headache ball SMWKS00129,Perenco,10 hrs,,0,Tue 28/06/22,Wed 29/06/22
35080,JY300043,5,PAINT,   [2/2] PAINT :: Rebuild and Paint Headache ball SMWKS00134,Repsol,10 hrs,,0,Tue 28/06/22,Wed 29/06/22
35375,JS012526,11,PAINT,Paint Gaol Post Support Frame Components,Shell,36 hrs,,0,Mon 27/06/22,Fri 01/07/22
35400,JS012526,12,PAINT,   [1/2] PAINT :: Blast - Paint Deck Support Beams,Shell,28 hrs,,0,Tue 05/07/22,Fri 08/07/22
35440,JS012526,13,PAINT,Blast and Paint Samson Post Anchors,Shell,16 hrs,,0,Thu 07/07/22,Fri 08/07/22
35484,JQ700932,10,HYD,   [3/3] HYD :: Charging Retarder manifold FAT,TAQA,0 hrs,,0,,Thu 30/06/22
35909,JSPE200002,1,PAINT,   [2/2] PAINT :: Fabrication of Walkway Outrigger,Spirit Energy,9 hrs,,0,Thu 28/07/22,Fri 29/07/22
36652,JNW110068,111,PAINT,Paint artic step panel,Sparrows Offshore Services Ltd,9 hrs,,0,Tue 26/07/22,Wed 27/07/22
37220,JQ701286,5,PAINT,"   [2/2] PAINT :: SMALL TOP HAT FAB, BLAST AND PRIME",TAQA,4 hrs,,0,Sat 20/08/22,Sat 20/08/22
37260,JSE00210,11522-1,P&M,   [1/2] P&M :: Reseal and Test Denison T6EDCS Pump SFP11522,Sparrows / Serica,21 hrs,,0,Thu 15/09/22,Mon 19/09/22
37516,JE080163,4,PAINT,   [2/2] PAINT :: Rebuild and Paint Headache ball SMWKS00159,Serica,10 hrs,,0,Thu 11/08/22,Fri 12/08/22
38358,JBANW21247,2,PAINT,   [3/3] PAINT :: Fabricate and paint 3x camera bracket,BP,14 hrs,,0,Fri 26/08/22,Wed 31/08/22
38574,JMS00103,11326-2,P&M,REBUILD AND TEST AA2FM90 MOTOR SFP11326,SPARROWS / SPIRIT ENERGY,18 hrs,,0,Fri 23/09/22,Sat 24/09/22
38805,JENQ200019,2,PAINT,   [2/4] PAINT :: Strip and Inspect 14te SWL Hook Ball SMWKS00170,ENQUEST,0 hrs,,0,,Mon 19/09/22
38810,JENQ200019,2,PAINT,   [4/4] PAINT :: Strip and Inspect 14te SWL Hook Ball SMWKS00170,ENQUEST,0 hrs,,0,Fri 16/09/22,Mon 19/09/22
38835,JENQ200032,1,PAINT,   [2/4] PAINT :: Strip and Inspect 14te SWL Hook Block SMWKS00167,Enquest,0 hrs,,0,,Mon 19/09/22
38840,JENQ200032,1,PAINT,   [4/4] PAINT :: Strip and Inspect 14te SWL Hook Block SMWKS00167,Enquest,15 hrs,,0,Fri 16/09/22,Mon 19/09/22
38885,JBMUW21392,6,PAINT,Paint Top Hat,BP,5 hrs,,0,Fri 26/08/22,Fri 26/08/22
38922,JX070213,4,PAINT,   [2/4] PAINT :: Strip and Inspect Hook Block SMWKS00172,Equinor,0 hrs,,0,,Tue 20/09/22
38927,JX070213,4,PAINT,   [4/4] PAINT :: Strip and Inspect Hook Block SMWKS00172,Equinor,8 hrs,,0,Tue 20/09/22,Tue 20/09/22
39346,JY401275,3,PAINT,   [3/3] PAINT :: Davit Beam Refurbishment,Repsol Sinopec,0 hrs,,0,Thu 08/09/22,Mon 12/09/22
39357,JY300033,6,PAINT,   [2/4] PAINT :: STRIP & INSPECTION OF 4 OFF ZOLLERN BRAKES,REPSOL SINOPEC,10 hrs,,0,Wed 28/09/22,Fri 30/09/22
39363,JY300033,6,PAINT,   [4/4] PAINT :: STRIP & INSPECTION OF 4 OFF ZOLLERN BRAKES,REPSOL SINOPEC,0 hrs,,0,Wed 28/09/22,Fri 30/09/22
39622,JBAB200011,26,NDT,   [3/3] NDT :: Manufacture of Encoder Parts,Babcock International,8 hrs,,0,Mon 15/08/22,Mon 19/09/22
40078,JY300047,1,PAINT,   [4/4] PAINT :: Strip and Inspect 45Te SWL Hook Block SMWKS00176,Chrysoar,15 hrs,,0,Wed 28/09/22,Mon 03/10/22
40108,JL181410,2,PAINT,   [2/2] PAINT :: Rebuild and Paint Headache Ball SMWKS00142,Enquest,10 hrs,,0,Fri 30/09/22,Mon 03/10/22
40122,JB275100,9,PAINT,Stencil of PORD-4120069,BP,2 hrs,,0,Fri 30/09/22,Fri 30/09/22
40603,JL181355,2,PAINT,   [2/2] PAINT :: Paint 2-off valve blocks,BUMI,5.5 hrs,,0,Tue 27/09/22,Tue 27/09/22
40687,JX070213,8,NDT,Recertification of SMWKS00172 173 Hooks,Enquinor,6 hrs,,0,Fri 30/09/22,Fri 30/09/22
40697,JA201357,1,PAINT,   [2/2] PAINT :: Manufacture of Spacer Plates,Harbour Energy,8 hrs,,0,Fri 07/10/22,Fri 07/10/22
41015,JBPE200080,1,PAINT,"   [1/3] PAINT :: Blast, NDT and paint 50Te hookblock stand",BP,0 hrs,,0,,Fri 07/10/22
41022,JBPE200080,1,PAINT,"   [3/3] PAINT :: Blast, NDT and paint 50Te hookblock stand",BP,10 hrs,,0,Thu 06/10/22,Fri 07/10/22
41779,JRN17141,1,PAINT,   [1/3] PAINT :: Coating of 2 5L Accumulators,Cwind,0 hrs,,0,,Fri 28/10/22
41783,JRN17141,1,PAINT,   [3/3] PAINT :: Coating of 2 5L Accumulators,Cwind,0 hrs,,0,,Fri 28/10/22
41787,JRN17141,1,PAINT,   [5/3] PAINT :: Coating of 2 5L Accumulators,Cwind,7 hrs,,0,Fri 28/10/22,Fri 28/10/22
41803,JD212009,11580-1,P&M,Test of Rexroth A4VSG180 Pump - SFP11580 - P3,KCA Deutag,30 hrs,,0,Thu 09/02/23,Fri 10/02/23
41818,JD212009,11579-1,P&M,Test of Rexroth A4VSG180 Pump - SFP11579 - P3,KCA Deutag,30 hrs,,0,Thu 09/02/23,Fri 10/02/23
42132,JMS00150,3,PAINT,Painting of link plate sections with bare steel,Spirit Energy,10 hrs,,0,Thu 20/10/22,Fri 21/10/22
42272,JQ701190,11440-2,P&M,Rebuild & Test Ortlinghaus Type 47 Brake - SFP11440 - P3,TAQA,14 hrs,,0,Thu 15/12/22,Fri 16/12/22
42642,JBCRR21040,11132-2,P&M,REBUILD AND TEST REXROTH A4FM71 MOTOR SFP11132 - P3,SPARROWS / BP,36 hrs,,0,Fri 27/01/23,Sat 28/01/23
42917,JBUM200008,2,PAINT,   [2/4] PAINT :: Strip and Inspect 15te SWL Hook Ball SMWKS00185,Bumi Armada,0 hrs,,0,Wed 30/11/22,Thu 01/12/22
42922,JBUM200008,2,PAINT,   [4/4] PAINT :: Strip and Inspect 15te SWL Hook Ball SMWKS00185,Bumi Armada,13 hrs,,0,Wed 30/11/22,Thu 01/12/22
43010,JB017461,11,PAINT,   [4/4] PAINT :: Fabricate & Paint Padeyes,BP,48 hrs,,0,Tue 13/12/22,Tue 20/12/22
43758,JSOS200172,2,PAINT,Painting of Grip Cylinders,CPLS,25 hrs,,0,Tue 22/11/22,Fri 25/11/22
43779,JPON200017,4,MECH,   [2/5] MECH :: Fabricate Mattress,PBS Ponticelli,10 hrs,,0,Mon 28/11/22,Tue 13/12/22
43785,JPON200017,4,PAINT,   [4/5] PAINT :: Fabricate Mattress,PBS Ponticelli,32 hrs,,0,Mon 28/11/22,Tue 13/12/22
43838,JSPE200067,1,PAINT,   [4/4] PAINT :: Strip and Inspect 15te SWL Hook Block SMWKS00188,Solan,15 hrs,,0,Wed 30/11/22,Thu 22/12/22
44096,JEQU200003,3,PAINT,   [2/2] PAINT :: Rebuild and Paint Hookball SMWKS00151,Equinor,10 hrs,,0,Thu 08/12/22,Fri 09/12/22
44143,JREP200044,1,PAINT,"   [3/5] PAINT :: Strip and Inspect Tartan North Crane Main, Auxiliary and Boom Hoist Winch",Repsol Sinopec,61 hrs,,0,Wed 30/11/22,Fri 09/12/22
44147,JREP200044,1,NDT,"   [4/5] NDT :: Strip and Inspect Tartan North Crane Main, Auxiliary and Boom Hoist Winch - externals",Repsol Sinopec,72 hrs,,0,Tue 29/11/22,Fri 09/12/22
44152,JREP200044,1,MECH,"   [5/5] MECH :: Strip and Inspect Tartan North Crane Main, Auxiliary and Boom Hoist Winch",Repsol Sinopec,283.5 hrs,,0,Thu 27/10/22,Fri 09/12/22
44325,JT710345,4,PAINT,   [2/2] PAINT :: Rebuild and Paint Headache Ball SMWKS00168,Neptune,10 hrs,,0,Thu 29/12/22,Fri 30/12/22
44561,JH021935-4,1,ELEC,Install of Boom Electrics,Harbour Energy,177 hrs,,0,Wed 01/03/23,Fri 30/06/23
44770,JBPE200029,1,M/C,Manufacture of 2 off calibrated steel blocks,BP,12 hrs,,0,Tue 27/12/22,Wed 28/12/22
44970,JBMUP21416,4,PAINT,   [2/4] PAINT :: Strip and Inspect Hook Block SMWKS00195,BP,0 hrs,,0,Tue 17/01/23,Fri 20/01/23
44975,JBMUP21416,4,PAINT,   [4/4] PAINT :: Strip and Inspect Hook Block SMWKS00195,BP,15 hrs,,0,Tue 17/01/23,Fri 20/01/23
45135,JB200800,2,M/C,   [3/4] M/C :: Fabricate Urgent Link Plate,BP,10 hrs,,0,Thu 05/01/23,Thu 05/01/23
45248,JSER200017,1,PAINT,West Crane Brake Pack Paint,Serica,10 hrs,,0,Thu 19/01/23,Fri 20/01/23
45346,JY300043,10,PAINT,   [2/2] PAINT :: Rebuild and Paint Headache Ball SMWKS00179,Repsol,10 hrs,,0,Tue 31/01/23,Wed 01/02/23
45388,JSPE200035,2,PAINT,   [1/3] PAINT :: SMWKS00184 - Repair of Crack,Spirit,0.5 hrs,,0,Mon 23/01/23,Mon 23/01/23
45490,JSPE200027,11668-1,P&M,Inspection & Test of Denison P11P Pump - SFP11668 - P1,Spirit Energy,36 hrs,,0,Wed 25/01/23,Thu 26/01/23
45506,JSPE200027,11669-1,P&M,Inspection & Test of Denison P11P Pump - SFP11669 - P1,Spirit Energy,36 hrs,,0,Wed 25/01/23,Thu 26/01/23
45533,JSPE200027,11670-1,P&M,Inspection & Test of Denison P11P Pump - SFP11670 - P1,Spirit Energy,36 hrs,,0,Wed 25/01/23,Thu 26/01/23
45707,JBCLW21081,4,HYD,   [1/3] HYD :: North Crane Boom Winch FAT,BP,70.5 hrs,,0,Wed 26/04/23,Fri 05/05/23
45718,JBCLW21081,4,FAB,   [2/3] FAB :: North Crane Boom Winch FAT,BP,4 hrs,,0,Fri 05/05/23,Fri 05/05/23
45729,JBCLW21081,6,HYD,North Crane Aux Winch FAT,BP,74.5 hrs,,0,Fri 14/07/23,Wed 26/07/23
45816,JBCLW21081,5,HYD,North Crane Main Winch FAT,BP,74.5 hrs,,0,Wed 17/05/23,Sun 28/05/23
45837,JH021935-3,1,FAB,   [1/5] FAB :: JUDY Boom Root Section (Boom 1),Harbour Energy,1204 hrs,,0,Wed 15/02/23,Wed 15/02/23
45851,JH021935-3,1,M/C,   [4/5] M/C :: JUDY Boom Root Section (Boom 1),Harbour Energy,40 hrs,,0,Thu 09/02/23,Wed 15/02/23
45854,JH021935-3,1,NDT,   [5/5] NDT :: JUDY Boom Root Section (Boom 1),Harbour Energy,20 hrs,,0,Mon 13/02/23,Wed 15/02/23
45861,JH021935-3,2,FAB,   [1/5] FAB :: JUDY Boom MID 1 (Boom 1),Harbour Energy,1284 hrs,,0,Wed 15/02/23,Wed 15/02/23
45879,JH021935-3,2,NDT,   [6/5] NDT :: JUDY Boom MID 1 (Boom 1),Harbour Energy,20 hrs,,0,Mon 13/02/23,Wed 15/02/23
45886,JH021935-3,3,FAB,   [1/5] FAB :: JUDY Boom MID 2 (Boom 1),Harbour Energy,1284 hrs,,0,Wed 15/02/23,Wed 15/02/23
45904,JH021935-3,3,NDT,   [6/5] NDT :: JUDY Boom MID 2 (Boom 1),Harbour Energy,20 hrs,,0,Mon 13/02/23,Wed 15/02/23
45911,JH021935-3,4,FAB,   [1/5] FAB :: JUDY Boom MID 3 (Boom 1),Harbour Energy,1284 hrs,,0,Wed 15/02/23,Wed 15/02/23
45929,JH021935-3,4,NDT,   [6/5] NDT :: JUDY Boom MID 3 (Boom 1),Harbour Energy,20 hrs,,0,Mon 13/02/23,Wed 15/02/23
45936,JH021935-3,5,FAB,   [1/6] FAB :: JUDY Boom Head (Boom 1),Harbour Energy,1284 hrs,,0,Wed 15/02/23,Wed 15/02/23
45955,JH021935-3,5,NDT,   [6/6] NDT :: JUDY Boom Head (Boom 1),Harbour Energy,20 hrs,,0,Mon 13/02/23,Wed 15/02/23
45962,JH021935-3,7,FAB,   [1/5] FAB :: JUDY Boom Root Section (Boom 2),Harbour Energy,1084 hrs,,0,Thu 15/06/23,Thu 15/06/23
45975,JH021935-3,7,M/C,   [4/5] M/C :: JUDY Boom Root Section (Boom 2),Harbour Energy,100 hrs,,0,Tue 06/06/23,Thu 15/06/23
45979,JH021935-3,7,NDT,   [5/5] NDT :: JUDY Boom Root Section (Boom 2),Harbour Energy,20 hrs,,0,Tue 13/06/23,Thu 15/06/23
45986,JH021935-3,8,FAB,   [1/5] FAB :: JUDY Boom MID 1 (Boom 2),Harbour Energy,1284 hrs,,0,Thu 15/06/23,Thu 15/06/23
46004,JH021935-3,8,NDT,   [6/5] NDT :: JUDY Boom MID 1 (Boom 2),Harbour Energy,20 hrs,,0,Tue 13/06/23,Thu 15/06/23
46011,JH021935-3,9,FAB,   [1/5] FAB :: JUDY Boom MID 2 (Boom 2),Harbour Energy,1224 hrs,,0,Wed 15/03/23,Fri 24/03/23
46029,JH021935-3,9,NDT,   [6/5] NDT :: JUDY Boom MID 2 (Boom 2),Harbour Energy,20 hrs,,0,Wed 22/03/23,Fri 24/03/23
46036,JH021935-3,10,FAB,   [1/5] FAB :: JUDY Boom MID 3 (Boom 2),Harbour Energy,1284 hrs,,0,Thu 15/06/23,Thu 15/06/23
46054,JH021935-3,10,NDT,   [6/5] NDT :: JUDY Boom MID 3 (Boom 2),Harbour Energy,20 hrs,,0,Tue 13/06/23,Thu 15/06/23
46061,JH021935-3,11,FAB,   [1/6] FAB :: JUDY Boom Head (Boom 2),Harbour Energy,1284 hrs,,0,,Thu 15/06/23
46080,JH021935-3,11,NDT,   [6/6] NDT :: JUDY Boom Head (Boom 2),Harbour Energy,20 hrs,,0,Tue 13/06/23,Thu 15/06/23
46332,JAPA200024,3,PAINT,   [4/5] PAINT :: BOP Crab unit new components fabrication,Apache,40 hrs,,0,Wed 25/01/23,Tue 31/01/23
46831,JMOD200003,1,NDT,   [2/8] NDT :: Inspection of Mobile Elevating Work Platform,Ministry of Defence,0 hrs,,1,Wed 01/03/23,Fri 03/03/23
46917,JAPA200024,4,PAINT,   [5/5] PAINT :: BOP Crab unit assembly,Apache,20 hrs,,0,Tue 17/01/23,Mon 20/02/23
46920,JAPA200024,4,MECH,   [6/5] MECH :: BOP Crab unit assembly,Apache,0 hrs,,0,Tue 17/01/23,Mon 20/02/23
47891,JPON200014,1,ELEC,Electrical Install for the NAA North Cab,PBS Offshore,176 hrs,,0,Fri 31/03/23,Thu 20/04/23
47899,JPON200015,1,ELEC,Electrical Install for the NAA South Cab,PBS Offshore,176 hrs,,0,Fri 14/04/23,Thu 04/05/23
48099,JSOS200239,1,HYD,Maintenance and Repair,Sparrows,25 hrs,,0,Thu 23/02/23,Tue 28/02/23
48251,JBCLP21491,3,PAINT,   [7/7] PAINT :: Rope Clamp Tensioner Fabrication,BP,11 hrs,,0,Thu 23/02/23,Fri 24/02/23
48263,JBCRR21040,11140-2,P&M,REBUILD AND TEST SAUER 90L250 PUMP SFP11140 - P3,SPARROWS / BP,28 hrs,,0,Mon 15/05/23,Thu 18/05/23
48278,JBCRR21040,11139-2,P&M,REBUILD AND TEST SAUER 90L250 PUMP SFP11139 - P3,SPARROWS / BP,28 hrs,,0,Fri 12/05/23,Wed 17/05/23
48293,JBCRR21040,11141-2,P&M,REBUILD AND TEST SAUER 90L250 PUMP SFP11141 - P3,SPARROWS / BP,28 hrs,,0,Tue 16/05/23,Fri 19/05/23
48408,JTAQ200060,1,PAINT,   [2/6] PAINT :: Main & Boom Hoist Winch Refurbishment,TAQA,0 hrs,,0,,Mon 20/03/23
48410,JTAQ200060,1,NDT,   [3/6] NDT :: Main & Boom Hoist Winch Refurbishment,TAQA,32 hrs,,0,Wed 15/03/23,Mon 20/03/23
48417,JTAQ200060,1,PAINT,   [6/6] PAINT :: Main & Boom Hoist Winch Refurbishment,TAQA,44 hrs,,0,Mon 13/03/23,Mon 20/03/23
48732,JCHR200206,1,NDT,   [2/2] NDT :: Inspect and ROTE of 45Te hookblock,Harbour Emergy,3 hrs,,0,Mon 27/02/23,Mon 27/02/23
48878,JBPE200236,1,PAINT,Stock Check and Label,BP,40 hrs,,0,Mon 13/03/23,Fri 17/03/23
49217,JBPE200130,1,MECH,   [1/3] MECH :: Trial fit & Inventory of Steelwork,BP,0 hrs,,0,,Fri 31/03/23
49224,JBPE200130,1,NDT,   [2/3] NDT :: Trial fit & Inventory of Steelwork,BP,4 hrs,,0,Fri 31/03/23,Fri 31/03/23
49227,JBPE200130,1,MECH,   [3/3] MECH :: Trial fit & Inventory of Steelwork,BP,22 hrs,,0,Wed 29/03/23,Fri 31/03/23
49243,JPON200016,3,PAINT,blast and Paint Perforated Sheets,PBS Ponticelli,9 hrs,,0,Tue 07/03/23,Wed 08/03/23
49580,JSER200057,1,NDT,   [2/2] NDT :: Strip Down Gantry Crane and Carry Out Inspection,Serica,14 hrs,,0,Tue 21/03/23,Wed 22/03/23
49588,JH021935-3,12,FAB,   [1/2] FAB :: Judy boom flood light brackets and cable tray clamps,Harbour Energy,220 hrs,,0,Fri 24/02/23,Thu 30/03/23
49596,JH021935-3,12,NDT,   [2/2] NDT :: Judy boom flood light brackets and cable tray clamps,Harbour Energy,16 hrs,,0,Wed 29/03/23,Thu 30/03/23
49615,JK000808,1,PAINT,"   [4/3] PAINT :: Assembly of north and south trolleys, trial fit and disassembly for painting",Harbour Energy,6 hrs,,0,Fri 10/03/23,Fri 17/03/23
49728,JSOS200296,1,HYD,   [1/10] HYD :: BS219-10Te Tensioner Maintenance,CPLS,0 hrs,,0,,Fri 31/03/23
49731,JSOS200296,1,ELEC,   [2/10] ELEC :: BS219-10Te Tensioner Maintenance,CPLS,66 hrs,,0,Thu 30/03/23,Fri 31/03/23
49923,JAPA200024,6,HYD,   [1/5] HYD :: Crab Unit Pneumatic Fit Out 1 - Main Line,Apache,32 hrs,,0,Tue 28/03/23,Fri 31/03/23
50032,JSOS200239,11,HYD,BS177 Control Cabin Checks,Sparrows,19 hrs,,0,Thu 13/04/23,Sat 15/04/23
50093,JREP200028,11583-3,P&M,REBUILD & TEST OF REXROTH A2FM32 MOTOR - SFP11583,REPSOL,19 hrs,,0,Fri 02/06/23,Tue 06/06/23
50108,JREP200028,11584-2,P&M,REBUILD & TEST OF REXROTH A2FM32 MOTOR - SFP11584,REPSOL,20 hrs,,0,Fri 02/06/23,Tue 06/06/23
50206,JREP200028,11585-2,P&M,REBUILD & TEST OF REXROTH A2FM80 MOTOR - SFP11585,REPSOL,21 hrs,,0,Fri 02/06/23,Tue 06/06/23
50221,JREP200028,11586-2,P&M,REBUILD & TEST OF REXROTH A2FM80 MOTOR - SFP11586,REPSOL,20 hrs,,0,Fri 02/06/23,Tue 06/06/23
50293,JSER200022,1,HYD,Flushing - 54 hoses,na,26 hrs,,0,Tue 25/04/23,Fri 28/04/23
50363,JREP200028,11589-2,P&M,REBUILD & TEST OF REXROTH A4V250 Pump - SFP11589,REPSOL,32 hrs,,0,Thu 01/06/23,Tue 06/06/23
50385,JD210400,1,ELEC,Controls FAT Set Up,EEAL,48 hrs,,0,Wed 12/04/23,Wed 19/04/23
50466,JBPE200150,A,MECH,Test Fit of Mag Drill Base Bracket,BP,0.5 hrs,,0,Thu 23/03/23,Thu 23/03/23
50555,JPON200016,11,HYD,   [3/5] HYD :: Workshop Support For Daily Tasks,PBS Ponticelli,50 hrs,,0,Fri 21/04/23,Sun 30/04/23
50558,JPON200016,11,FAB,   [4/5] FAB :: Workshop Support For Daily Tasks,PBS Ponticelli,50 hrs,,0,Fri 21/04/23,Sun 30/04/23
50561,JPON200016,11,NDT,   [5/5] NDT :: Workshop Support For Daily Tasks,PBS Ponticelli,0 hrs,,0,Fri 21/04/23,Sun 30/04/23
50596,JB205200,2,PAINT,Painting of K02-3 AFT Knucle Boom Valve,BP,10 hrs,,0,Thu 06/04/23,Fri 07/04/23
50703,JPON200016,12,PAINT,   [6/7] PAINT :: Fabricate Inspect and Paint CCTV Bracket,PBS Ponticelli,10 hrs,,0,Fri 31/03/23,Mon 03/04/23
50708,JREP200028,11590-3,P&M,REBUILD & TEST OF REXROTH A4V250 Pump - SFP11590,REPSOL,28 hrs,,0,Thu 01/06/23,Tue 06/06/23
50762,JSHE200026,1,PAINT,   [2/4] PAINT :: Strip and Inspect Hookblock SMWKS00205,Shell,15 hrs,,0,Mon 10/04/23,Thu 13/04/23
50765,JSHE200026,1,NDT,   [3/4] NDT :: Strip and Inspect Hookblock SMWKS00205,Shell,6 hrs,,0,Mon 10/04/23,Thu 13/04/23
50792,JREP200279,1,PAINT,   [2/4] PAINT :: Strip and Inspect Hook Block SMWKS00206,Repsol,15 hrs,,0,Mon 10/04/23,Thu 13/04/23
50795,JREP200279,1,NDT,   [3/4] NDT :: Strip and Inspect Hook Block SMWKS00206,Repsol,6 hrs,,0,Mon 10/04/23,Thu 13/04/23
50821,JSER200002,1,FAB,   [1/4] FAB :: Manufacture of Davit Arm,Serica,73 hrs,,0,Mon 10/04/23,Wed 19/04/23
50826,JSER200002,1,NDT,   [2/4] NDT :: Manufacture of Davit Arm,Serica,13 hrs,,0,Mon 03/04/23,Wed 19/04/23
50829,JSER200002,1,MECH,   [3/4] MECH :: Manufacture of Davit Arm,Serica,43 hrs,,0,Mon 10/04/23,Wed 19/04/23
50834,JSER200002,1,PAINT,   [4/4] PAINT :: Manufacture of Davit Arm,Serica,38 hrs,,0,Mon 10/04/23,Wed 19/04/23
50872,JPON200016,9,PAINT,paint anemometer brackets,PBS,18 hrs,,0,Mon 20/03/23,Wed 22/03/23
50878,JSPE200090,1,NDT,   [1/3] NDT :: Rebuild & test of Slew Gearbox,Spirit Energy,6 hrs,,0,Tue 11/04/23,Fri 21/04/23
50891,JSPE200090,1,PAINT,   [3/3] PAINT :: Rebuild & test of Slew Gearbox,Spirit Energy,6 hrs,,0,Thu 20/04/23,Fri 21/04/23
50913,JBPE200036,12,MECH,ETAP QU Crane Main & Boom Winch Splines 3D Scan,BP,4 hrs,,0,Wed 05/04/23,Wed 05/04/23
51023,JE080176,2,HYD,Destructive Testing & Inspection of Hoses,INEOS,1 hr,,0,Thu 20/04/23,Fri 02/06/23
51053,JSPE200093,1,PAINT,   [2/3] PAINT :: Gearbox Stripdown & Refurb,Spirit Energy,60 hrs,,0,Thu 04/05/23,Thu 01/06/23
51304,JCHR200033,7,MECH,Preparing tooth ring for inspection,CHRYSAOR,20 hrs,,0,Thu 13/04/23,Fri 14/04/23
51337,JPRE200016,1,FAB,   [1/2] FAB :: Fabrication of Replacement Flange due to a Leak in Coolant,Harbour Energy (Premier Oil),4 hrs,,0,Wed 12/04/23,Wed 12/04/23
51340,JPRE200016,1,PAINT,   [2/2] PAINT :: Fabrication of Replacement Flange due to a Leak in Coolant,Harbour Energy (Premier Oil),4 hrs,,0,Wed 12/04/23,Wed 12/04/23
51613,JENQ200122,1,PAINT,   [2/2] PAINT :: Walkway grating amendments,Enquest,24 hrs,,0,Mon 24/04/23,Fri 28/04/23
51638,JPON200014,6,PAINT,Paint Anemometer Brackets,PBS,18 hrs,,0,Mon 29/05/23,Wed 31/05/23
51666,JMS00103,4,FAB,Steel cut for material identification,Spirit Energy,4 hrs,,0,Wed 26/04/23,Wed 26/04/23
51711,JSER200002,3,MECH,Trial Fit of Bearings,Serica,2 hrs,,0,Mon 24/04/23,Mon 24/04/23
51730,JBLU200020,1,HYD,Assembly Of Transfer Pump,Bluewater,20.5 hrs,,0,Wed 14/06/23,Fri 16/06/23
51747,JSPE200093,1,MECH,   [1/4] MECH :: Gearbox Stripdown & Refurb,Spirit Energy,36 hrs,,0,Fri 26/05/23,Thu 01/06/23
51759,JSPE200093,1,NDT,   [2/4] NDT :: Gearbox Stripdown & Refurb,Spirit Energy,4 hrs,,0,Thu 27/04/23,Thu 01/06/23
51762,JSPE200093,1,PAINT,   [3/4] PAINT :: Gearbox Stripdown & Refurb,Spirit Energy,16 hrs,,0,Fri 26/05/23,Thu 01/06/23
51783,JH022117,1,FAB,   [1/5] FAB :: Manufacture of Top Hat Assembly,Harbour Energy,6 hrs,,0,Mon 22/05/23,Mon 22/05/23
51787,JH022117,1,NDT,   [2/5] NDT :: Manufacture of Top Hat Assembly,Harbour Energy,1 hr,,0,Wed 26/04/23,Mon 22/05/23
51792,JH022117,1,M/C,   [4/5] M/C :: Manufacture of Top Hat Assembly,Harbour Energy,4 hrs,,0,Mon 22/05/23,Mon 22/05/23
51886,JH021935-3,6,FAB,   [1/3] FAB :: Boom Walkways (Boom 1),Harbour Energy,150 hrs,,1,Thu 11/05/23,Tue 30/05/23
51894,JH021935-3,6,NDT,   [2/3] NDT :: Boom Walkways (Boom 1),Harbour Energy,15 hrs,,0,Fri 12/05/23,Tue 30/05/23
51917,JBPE200054,1,HYD,Flushing - 260 hoses,na,126 hrs,,0,Mon 12/06/23,Fri 30/06/23
51930,JH021935-3,13,FAB,   [1/3] FAB :: Rope Guide Brackets,Harbour Energy,50 hrs,,0,Fri 28/04/23,Sun 07/05/23
51935,JH021935-3,13,NDT,   [2/3] NDT :: Rope Guide Brackets,Harbour Energy,10 hrs,,0,Fri 28/04/23,Sun 07/05/23
52179,JENQ200152,1,HYD,Flushing - 160 hoses,ENQUEST Thistle-A PC3,76 hrs,,0,Wed 31/05/23,Sat 10/06/23
52191,JPON200014,10,MECH,Mechanical Prep,PBS,16 hrs,,1,Mon 01/05/23,Tue 02/05/23
52242,JPON200014,3,HYD,Fit Out Crane Cab (NAAN),PBS,70.25 hrs,,0,Thu 18/05/23,Tue 30/05/23
52272,JPON200014,5,HYD,Tube Fit Out of Cab (NAAN),PBS,18.25 hrs,,0,Fri 26/05/23,Tue 30/05/23
52306,JPON200014,8,HYD,Ready Cab for Dispatch (NAAN),PBS,17.25 hrs,,0,Mon 29/05/23,Tue 30/05/23
52329,JPON200015,1,HYD,Fit Out Annunciator Mimic Panel (NAAS),PBS,12.25 hrs,,0,Mon 29/05/23,Tue 30/05/23
52344,JPON200015,2,HYD,Fit Out Pneumatic Control Console (NAAS),PBS,36.25 hrs,,1,Wed 24/05/23,Tue 30/05/23
52358,JPON200015,3,HYD,Fit Out Crane Cab (NAAS),PBS,1.25 hrs,,0,Thu 18/05/23,Tue 30/05/23
52375,JPON200015,4,HYD,Joystick & Hose Fit Out of Cab (NAAS),PBS,42.25 hrs,,0,Tue 23/05/23,Tue 30/05/23
52388,JPON200015,6,HYD,Flush Sets of Hoses (NAAS),PBS,11.25 hrs,,0,Mon 29/05/23,Tue 30/05/23
52397,JPON200015,5,HYD,Tube Fit Out of Cab (NAAS),PBS,18.25 hrs,,0,Fri 26/05/23,Tue 30/05/23
52412,JPON200015,7,HYD,FAT Crane Cab (NAAS),PBS,25.25 hrs,,0,Fri 26/05/23,Tue 30/05/23
52436,JPON200015,8,HYD,Ready Cab for Dispatch (NAAS),PBS,17.25 hrs,,0,Mon 29/05/23,Tue 30/05/23
52446,JSER200057,4,PAINT,Blast & Paint Gantry Crane Parts,Serica,46 hrs,,0,Thu 04/05/23,Thu 11/05/23
52530,JNR110125,MN-01-05-23,HYD,Spooler Back Tension Mods - Test Bed Testing,Sparrows,32.5 hrs,,0,Mon 15/05/23,Thu 18/05/23
52543,JBPE200117,1,FAB,To seafasten the test weight cradle and weights into containers,BP,12 hrs,,0,Wed 03/05/23,Thu 04/05/23
52636,JSER200009,3,MECH,   [1/2] MECH :: Rebuild and Paint Hookblock SMWKS00186,Serica,34 hrs,,0,Fri 05/05/23,Tue 20/06/23
52642,JSER200009,3,PAINT,   [2/2] PAINT :: Rebuild and Paint Hookblock SMWKS00186,Serica,12 hrs,,0,Thu 15/06/23,Tue 20/06/23
52646,JBPE200036,2,HYD,   [1/3] HYD :: ETAP QU Boom Hoist Winch FAT,BP,70.5 hrs,,0,Wed 03/05/23,Fri 12/05/23
52693,JH021935-3,14,FAB,   [1/3] FAB :: Boom Walkways (Boom 2),Harbour Energy,0 hrs,,0,Tue 01/08/23,Tue 01/08/23
52700,JH021935-3,14,NDT,   [2/3] NDT :: Boom Walkways (Boom 2),Harbour Energy,0 hrs,,0,Tue 01/08/23,Tue 01/08/23
52704,JH021935-3,15,FAB,   [1/3] FAB :: A-Frame Handrail,Harbour Energy,0 hrs,,0,Wed 31/05/23,Wed 31/05/23
52710,JH021935-3,15,NDT,   [2/3] NDT :: A-Frame Handrail,Harbour Energy,0 hrs,,0,Wed 31/05/23,Wed 31/05/23
52722,JSER200025,2,FAB,   [1/2] FAB :: Manufacture 2off Adaptor Plates,Serica,12 hrs,,0,Thu 01/06/23,Fri 02/06/23
52728,JSER200025,2,PAINT,   [2/2] PAINT :: Manufacture 2off Adaptor Plates,Serica,12 hrs,,0,Thu 01/06/23,Fri 02/06/23
52755,JCHR200185,1,PAINT,   [2/4] PAINT :: Strip and Inspect Hook Block SMWKS00213 - BLAST ,Harbour,0 hrs,,0,Tue 30/05/23,Fri 02/06/23
52757,JCHR200185,1,NDT,   [3/4] NDT :: Strip and Inspect Hook Block SMWKS00213,Harbour,6 hrs,,0,Thu 18/05/23,Fri 02/06/23
52760,JCHR200185,1,PAINT,   [4/4] PAINT :: Strip and Inspect Hook Block SMWKS00213 - BLAST & PRIME,Harbour,15 hrs,,0,Tue 30/05/23,Fri 02/06/23
52781,JSER200060,11834-1,P&M,DISASSEMBLE A6VM250 MOTOR SFP11834,SPARROWS / SERICA,14 hrs,,1,Fri 02/06/23,Sun 04/06/23
52793,JSER200060,11835-1,P&M,DISASSEMBLE A6VM250 MOTOR SFP11835,SPARROWS / SERICA,14 hrs,,0,Fri 02/06/23,Sun 04/06/23
52871,JH021935-3,18,M/C,   [1/3] M/C :: Boom Foot pins (Boom 1 & 2),Harbour Energy,0 hrs,,1,Wed 31/05/23,Wed 31/05/23
52877,JH021935-3,18,FAB,   [2/3] FAB :: Boom Foot pins (Boom 1 & 2),Harbour Energy,0 hrs,,0,Wed 31/05/23,Wed 31/05/23
52882,JH021935-3,16,M/C,Sheave shafts (Boom 1 & 2),Harbour Energy,0 hrs,,0,Wed 31/05/23,Wed 31/05/23
52892,JH021935-3,17,FAB,   [1/3] FAB :: Cat head components (Boom 1 & 2),Harbour Energy,1 hr,,0,Wed 31/05/23,Wed 31/05/23
52903,JH021935-3,17,NDT,   [2/3] NDT :: Cat head components (Boom 1 & 2),Harbour Energy,0 hrs,,0,Wed 31/05/23,Wed 31/05/23
52928,JSPE200090,2,MECH,"   [1/7] MECH :: Slew Gearbox Full Stripdown, Inspection & Rebuild",Spirit Energy,36 hrs,,0,Wed 17/05/23,Fri 26/05/23
52949,JSPE200090,2,PAINT,"   [6/7] PAINT :: Slew Gearbox Full Stripdown, Inspection & Rebuild",Spirit Energy,36 hrs,,0,Mon 22/05/23,Fri 26/05/23
52993,JSER200045,1,FAB,PCV31390B Valve,Serica,50 hrs,,0,Wed 17/05/23,Wed 17/05/23
53026,JCHR200193,1,PAINT,   [2/2] PAINT :: Fabrication of coolant header tank support bracket,Harbour,12 hrs,,0,Thu 25/05/23,Fri 26/05/23
53061,JSPE200031,1,FAB,   [1/4] FAB :: Fabrication of Rubbing Bars,Spirit Energy,254 hrs,,0,Fri 28/07/23,Thu 31/08/23
53069,JSPE200031,1,NDT,   [2/4] NDT :: Fabrication of Rubbing Bars,Spirit Energy,0 hrs,,0,Fri 28/07/23,Thu 31/08/23
53072,JSPE200031,1,PAINT,   [3/4] PAINT :: Fabrication of Rubbing Bars,Spirit Energy,21 hrs,,0,Fri 28/07/23,Thu 31/08/23
53075,JSPE200031,1,MECH,   [4/4] MECH :: Fabrication of Rubbing Bars,Spirit Energy,20 hrs,,0,Fri 28/07/23,Thu 31/08/23
53081,JSPE200045,1,FAB,   [1/4] FAB :: Fabrication of Rubbing Bars,Spirit Energy,254 hrs,,0,Fri 28/07/23,Thu 31/08/23
53089,JSPE200045,1,NDT,   [2/4] NDT :: Fabrication of Rubbing Bars,Spirit Energy,0 hrs,,0,Fri 28/07/23,Thu 31/08/23
53092,JSPE200045,1,PAINT,   [3/4] PAINT :: Fabrication of Rubbing Bars,Spirit Energy,21 hrs,,0,Fri 28/07/23,Thu 31/08/23
53095,JSPE200045,1,MECH,   [4/4] MECH :: Fabrication of Rubbing Bars,Spirit Energy,20 hrs,,0,Fri 28/07/23,Thu 31/08/23
53105,JSHE200019,2,MECH,   [2/4] MECH :: Nelson Engine Removal Aframe Test Build,Shell,5 hrs,,0,Wed 31/05/23,Wed 31/05/23
53112,JSHE200019,2,MECH,   [4/4] MECH :: Nelson Engine Removal Aframe Test Build,Shell,8 hrs,,0,Wed 31/05/23,Wed 31/05/23
53127,JY401132,11837-1,P&M,TEST OF REXROTH A10VO45 PUMP - SFP11837,REPSOL,10 hrs,,0,Fri 19/05/23,Fri 19/05/23
53137,JY401132,11838-1,P&M,TEST OF REXROTH A10VO45 PUMP - SFP11838,REPSOL,10 hrs,,0,Fri 19/05/23,Fri 19/05/23
53164,JCHR200222,1,NDT,LTC005 Inspection and Re-certification,Harbour Energy,20 hrs,,1,Fri 14/07/23,Tue 18/07/23
53184,JB017093,7,FAB,Clair South Winch T Bed Hori Beams,BP,7 hrs,,0,Thu 01/06/23,Thu 01/06/23
53190,JBPE200157,11829-1,P&M,Circlip Inspection Test of Denison PVT15 PUMP - SFP11829,BP,13.5 hrs,,0,Fri 23/06/23,Mon 26/06/23
53202,JBPE200157,11828-1,P&M,RETEST OF PARKER F12 MOTOR - SFP11828,BP,18 hrs,,0,Fri 23/06/23,Mon 26/06/23
53214,JBPE200157,11827-1,P&M,RETEST OF PARKER F12 MOTOR - SFP11827,BP,18 hrs,,0,Fri 23/06/23,Mon 26/06/23
53226,JBPE200157,11826-1,P&M,RETEST OF DENISON P11P PUMP - SFP11826,BP,30 hrs,,0,Wed 21/06/23,Mon 26/06/23
53239,JBPE200157,11824-1,P&M,RETEST OF DENISON P7R PUMP - SFP11824,BP,14 hrs,,0,Fri 23/06/23,Mon 26/06/23
53251,JBPE200157,11825-1,P&M,RETEST OF DENISON P7R PUMP - SFP11825,BP,14 hrs,,0,Fri 23/06/23,Mon 26/06/23
53263,JBPE200157,11823-1,P&M,RESEAL & TEST OF DENISON T6CM PUMP - SFP11823 - ONHOLD,BP,16 hrs,,0,Fri 23/06/23,Mon 26/06/23
53275,JBPE200157,11822-1,P&M,RESEAL & TEST OF DENISON T6CC PUMP - SFP11822 - ONHOLD,BP,16 hrs,,0,Fri 23/06/23,Mon 26/06/23
53288,JBPE200157,11821-1,P&M,RESEAL & TEST OF DENISON T6CC PUMP - SFP11821 - ONHOLD,BP,16 hrs,,0,Fri 23/06/23,Mon 26/06/23
53320,JB204300,3,PAINT,   [1/3] PAINT :: Painting New Boom Buffer,BP,0 hrs,,0,Wed 17/05/23,Mon 22/05/23
53323,JB204300,3,NDT,   [2/3] NDT :: Painting New Boom Buffer,BP,4 hrs,,0,Wed 17/05/23,Mon 22/05/23
53326,JB204300,3,PAINT,   [3/3] PAINT :: Painting New Boom Buffer,BP,30 hrs,,0,Wed 17/05/23,Mon 22/05/23
53336,JPON200014,14,FAB,   [1/3] FAB :: Weld foot plate Door mod,PBS,8 hrs,,0,Wed 17/05/23,Wed 17/05/23
53340,JPON200014,14,NDT,   [2/3] NDT :: Weld foot plate Door mod,PBS,3 hrs,,0,Wed 17/05/23,Wed 17/05/23
53349,JK000834,3,MECH,Re-Build GOP,Harbour Energy,27.5 hrs,,0,Wed 28/06/23,Fri 30/06/23
53371,JBPE200157,11839-1,P&M,RETEST OF DENISON P11P PUMP - SFP11839,BP,14 hrs,,0,Fri 23/06/23,Mon 26/06/23
53382,JBPE200157,11687-1,P&M,PREP FOR DESPATCH REXROTH A6VM160 MOTOR - SFP11687,BP,2.5 hrs,,0,Mon 26/06/23,Mon 26/06/23
53390,JBPE200157,11688-1,P&M,PREP FOR DESPATCH REXROTH A2FM125 MOTOR - SFP11688,BP,2.5 hrs,,0,Mon 26/06/23,Mon 26/06/23
53398,JSOS200354,1,FAB,Manufacture of strongback for removing load pin from Liebher crane,Sparrows Training,8 hrs,,0,Wed 07/06/23,Wed 07/06/23
53403,JMOD200005,1,PAINT,   [1/2] PAINT :: Blast Inspection Job Card,Ministry of Defence,78 hrs,,0,Fri 12/05/23,Thu 25/05/23
53406,JMOD200005,1,NDT,   [2/2] NDT :: Blast Inspection Job Card,Ministry of Defence,24 hrs,,0,Fri 12/05/23,Thu 25/05/23
53425,JENQ200125,1,FAB,   [1/2] FAB :: Main Sheave Protection brackets w pads,EnQuest,24 hrs,,0,Mon 15/05/23,Fri 19/05/23
53432,JENQ200125,1,PAINT,   [2/2] PAINT :: Main Sheave Protection brackets w pads,EnQuest,34 hrs,,0,Mon 15/05/23,Fri 19/05/23
53436,JMOD200005,2,PAINT,Painting MEWP,Ministry of Defence,132 hrs,,0,Wed 10/05/23,Thu 01/06/23
53441,JMOD200005,3,HYD,Rebuild MEWP - HYD,Ministry of Defence,29 hrs,,0,Tue 13/06/23,Thu 15/06/23
53449,JMOD200005,4,MECH,   [1/3] MECH :: Rebuild Job Card - Mech,Ministry of Defence,0 hrs,,0,Thu 22/06/23,Thu 29/06/23
53463,JMOD200005,4,MECH,   [3/3] MECH :: Rebuild Job Card - Mech,Ministry of Defence,53 hrs,,0,Thu 22/06/23,Thu 29/06/23
53467,JBLU200024,BLU01,M/C,Manufaction Boom Rest Pads from supplied base material,Bluewater,18 hrs,,0,Tue 30/05/23,Wed 31/05/23
53487,JREP200279,2,PAINT,   [4/4] PAINT :: SMWKS00206 - Side plate repair,Repsol,10 hrs,,0,Thu 25/05/23,Fri 26/05/23
53490,JD210263 - 3,3,PAINT,TLP B - Material,EEAL,53 hrs,,0,Fri 26/05/23,Mon 05/06/23
53494,JSER200057,5,MECH,Rebuild of Gantry Crane,Serica,44 hrs,,1,Mon 29/05/23,Fri 02/06/23
53638,JAPA200063,1,FAB,   [6/8] FAB :: Inspection and trial fit,Apache,32 hrs,,0,Sun 28/05/23,Fri 02/06/23
53672,JY401132,11358-1,P&M,Reseal & Test of Eaton ADU49 Pump - SFP11358,REPSOL,25.5 hrs,,0,Thu 25/05/23,Mon 29/05/23
53795,JTAQ200120,1,MECH,   [1/3] MECH :: Inspection of Hoist & Boom Winches & Support Pedestals,TAQA,13 hrs,,0,Wed 14/06/23,Fri 16/06/23
53801,JTAQ200120,1,PAINT,   [2/3] PAINT :: Inspection of Hoist & Boom Winches & Support Pedestals,TAQA,20 hrs,,0,Wed 14/06/23,Fri 16/06/23
53804,JTAQ200120,1,NDT,   [3/3] NDT :: Inspection of Hoist & Boom Winches & Support Pedestals,TAQA,20 hrs,,0,Wed 14/06/23,Fri 16/06/23
53808,JTAQ200120,2,PAINT,   [1/2] PAINT :: Rebuild of Hoist & Boom Winches & Support Pedestals,TAQA,40 hrs,,0,Mon 07/08/23,Fri 11/08/23
53812,JTAQ200120,2,MECH,   [2/2] MECH :: Rebuild of Hoist & Boom Winches & Support Pedestals,TAQA,35 hrs,,0,Mon 07/08/23,Fri 11/08/23
53821,JBAB200037,3,ELEC,HRPPSB Panel Build,Babcock,64 hrs,,0,Tue 23/05/23,Thu 01/06/23
53836,JSER200055,1,FAB,   [1/3] FAB :: Fabricate Y07400 skid tracks,SERICA,5 hrs,,0,Thu 08/06/23,Fri 09/06/23
53842,JSER200055,1,NDT,   [2/3] NDT :: Fabricate Y07400 skid tracks,SERICA,0 hrs,,0,Thu 01/06/23,Fri 09/06/23
53845,JSER200055,1,MECH,   [3/3] Mech :: Fabricate Y07400 skid tracks,SERICA,20 hrs,,0,Thu 08/06/23,Fri 09/06/23
53858,JY300047,5,MECH,   [1/2] MECH :: Rebuild and Paint Hookblock SMWKS00176,Repsol,34 hrs,,0,Fri 26/05/23,Tue 13/06/23
53864,JY300047,5,PAINT,   [2/2] PAINT :: Rebuild and Paint Hookblock SMWKS00176,Repsol,12 hrs,,0,Thu 08/06/23,Tue 13/06/23
53874,JREP200301,2,PAINT,   [2/2] PAINT :: Rebuild and Paint Hookblock SMWKS00204,Repsol,12 hrs,,0,Thu 08/06/23,Tue 13/06/23
53913,JSUB200008,10,M/C,Manufacture of system S S pins,Subsea 7,118 hrs,,0,Fri 26/05/23,Thu 15/06/23
53920,JENQ200122,1,FAB,   [1/2] FAB :: Walkway grating amendments,Enquest,42 hrs,,1,Mon 24/04/23,Fri 28/04/23
53929,JENQ200122,1,PAINT,   [2/2] PAINT :: Walkway grating amendments,Enquest,24 hrs,,0,Wed 26/04/23,Fri 28/04/23
53933,JREP200040,10,HYD,Jacking Console Setup and Testing,Repsol,0 hrs,,1,,Thu 01/06/23
53954,JSER200055,3,FAB,   [1/6] FAB :: Fabricate pad eyes for Y07400 Scope,SERICA,0 hrs,,1,,Fri 09/06/23
53959,JSER200055,3,M/C,   [2/6] M/C :: Fabricate pad eyes for Y07400 Scope,SERICA,5 hrs,,0,Fri 09/06/23,Fri 09/06/23
53962,JSER200055,3,FAB,   [3/6] FAB :: Fabricate pad eyes for Y07400 Scope,SERICA,0 hrs,,1,,Fri 09/06/23
53964,JSER200055,3,M/C,   [4/6] M/C :: Fabricate pad eyes for Y07400 Scope,SERICA,0 hrs,,0,,Fri 09/06/23
53966,JSER200055,3,FAB,   [5/6] FAB :: Fabricate pad eyes for Y07400 Scope,SERICA,18 hrs,,1,Thu 08/06/23,Fri 09/06/23
53971,JSER200055,3,NDT,   [6/6] NDT :: Fabricate pad eyes for Y07400 Scope,SERICA,10 hrs,,0,Thu 08/06/23,Fri 09/06/23
53976,JBPE200303,1,MECH,Partial Strip of Gearbox for Inspection,BP,26 hrs,,0,Wed 07/06/23,Fri 09/06/23
53991,JSOS200172,6,ELEC,Investigation of PLC and operating instructions,Baker Hughes,40 hrs,,0,Thu 01/06/23,Wed 07/06/23
53996,JBAK200001,5,MECH,   [1/5] MECH :: Movement of 36Te Tensioner,Baker Hughes,4 hrs,,0,Mon 29/05/23,Mon 29/05/23
54002,JBAK200001,5,MECH,   [3/5] MECH :: Movement of 36Te Tensioner,Baker Hughes,4 hrs,,0,Mon 29/05/23,Mon 29/05/23
54007,JBAK200001,5,MECH,   [5/5] MECH :: Movement of 36Te Tensioner,Baker Hughes,4 hrs,,0,Mon 29/05/23,Mon 29/05/23
54010,JBAK200001,4,ELEC,Review and Update HMI Operating parameters,Baker Hughes,40 hrs,,0,Tue 06/06/23,Mon 12/06/23
54017,JBAK200001,7,MECH,   [1/4] MECH :: Hook UP Maintenance and Testing of 36Te Tensioner System,Baker Hughes,16 hrs,,0,Thu 08/06/23,Tue 13/06/23
54020,JBAK200001,7,HYD,   [2/4] HYD :: Hook UP Maintenance and Testing of 36Te Tensioner System,Baker Hughes,32 hrs,,0,Thu 08/06/23,Tue 13/06/23
54023,JBAK200001,7,ELEC,   [3/4] ELEC :: Hook UP Maintenance and Testing of 36Te Tensioner System,Baker Hughes,32 hrs,,0,Thu 08/06/23,Tue 13/06/23
54030,JNS110115,1,MECH,   [1/2] MECH :: Gully Plate Manufacture and maintenance,Sparrows,2 hrs,,0,Fri 09/06/23,Fri 09/06/23
54033,JNS110115,1,FAB,   [2/2] FAB :: Gully Plate Manufacture and maintenance,Sparrows,2 hrs,,0,Fri 09/06/23,Fri 09/06/23
54044,JK000789,3,HYD,Luffing releif valves Inspect Test and Set,CHRYSAOR,7.5 hrs,,0,Fri 02/06/23,Fri 02/06/23
54051,JNR110115-30,19,HYD,Offhire LPAK001 & 002,N/A,3 hrs,,0,Fri 09/06/23,Fri 09/06/23
54066,JNR110115-108,20,HYD,Off Hire Checks Pellet Gun Kit,N/A,1.25 hrs,,0,Fri 09/06/23,Fri 09/06/23
54082,JOI50127,46,ELEC,Preparation for load out 1,Babcock,6 hrs,,0,Wed 07/06/23,Wed 07/06/23
54092,JK000789,12,HYD,"GOP CT 2nd stage, H43, Inspect, Test and Adjust valve",CHRYSAOR,4 hrs,,0,Fri 02/06/23,Fri 02/06/23
54101,JA201197,3,FAB,   [1/3] FAB :: Repair of GOP Support Frame,Harbour Energy,10 hrs,,0,Mon 05/06/23,Tue 06/06/23
54107,JA201197,3,NDT,   [2/3] NDT :: Repair of GOP Support Frame,Harbour Energy,4 hrs,,0,Mon 05/06/23,Tue 06/06/23
54111,JA201197,3,PAINT,   [3/3] PAINT :: Repair of GOP Support Frame,Harbour Energy,16 hrs,,0,Mon 05/06/23,Tue 06/06/23
54122,JREP200373,2,FAB,Fabrication of Dummy Pin,Repsol Sinopec,8 hrs,,1,Fri 02/06/23,Fri 02/06/23
54128,JREP200373,3,FAB,   [1/2] FAB :: Strongback Assemblies,Repsol Sinopec,16 hrs,,1,Thu 01/06/23,Fri 02/06/23
54134,JREP200373,3,NDT,   [2/2] NDT :: Strongback Assemblies,Repsol Sinopec,6 hrs,,0,Thu 01/06/23,Fri 02/06/23
54139,JY300047,6,FAB,   [1/3] FAB :: SMWKS000176 Rope Guard Repair,Repsol,6 hrs,,0,Wed 07/06/23,Wed 07/06/23
54143,JY300047,6,NDT,   [2/3] NDT :: SMWKS000176 Rope Guard Repair,Repsol,2 hrs,,0,Wed 07/06/23,Wed 07/06/23
54146,JY300047,6,PAINT,   [3/3] PAINT :: SMWKS000176 Rope Guard Repair,Repsol,4 hrs,,0,Wed 07/06/23,Wed 07/06/23
54150,JMS00122,11404-5,P&M,   [1/3] P&M :: MOUNTING PAINTING OF MOTOR BRAKE - SFP11404 & SFP11405,SPIRIT ENERGY,6 hrs,,0,Thu 01/06/23,Fri 09/06/23
54161,JMS00122,11404-5,PAINT,   [2/3] PAINT :: MOUNTING PAINTING OF MOTOR BRAKE - SFP11404 & SFP11405,SPIRIT ENERGY,19 hrs,,0,Wed 07/06/23,Fri 09/06/23
54172,JMS00122,11402-3,P&M,   [1/3] P&M :: MOUNTING PAINTING OF MOTOR BRAKE - SFP11402 & SFP11403,SPIRIT ENERGY,0 hrs,,0,Wed 07/06/23,Fri 09/06/23
54181,JMS00122,11402-3,PAINT,   [2/3] PAINT :: MOUNTING PAINTING OF MOTOR BRAKE - SFP11402 & SFP11403,SPIRIT ENERGY,25 hrs,,0,Thu 01/06/23,Fri 09/06/23
54194,JQ701157,1,FAB,   [1/3] FAB :: Fabricate Inspection Panel,TAQA,7 hrs,,0,Thu 22/06/23,Mon 26/06/23
54198,JQ701157,1,NDT,   [2/3] NDT :: Fabricate Inspection Panel,TAQA,1.5 hrs,,0,Thu 22/06/23,Mon 26/06/23
54202,JQ701157,1,PAINT,   [3/3] PAINT :: Fabricate Inspection Panel,TAQA,18 hrs,,0,Thu 22/06/23,Mon 26/06/23
54205,JBPE200266,1,HYD,Checking Valve Setting,BP,14 hrs,,0,Thu 15/06/23,Fri 16/06/23